process_id,start_idx,end_idx,timestamp,day,detected_type,detected_duration_s,drop_amplitude_bar,high_low_energy_ratio,middle_residual_std_bar,dominant_hz,descent_slope_bar_s,descent_range_bar,descent_turning_points,hold_valley_slope_bar_s,hold_valley_range_bar,hold_valley_turning_points,recovery_slope_bar_s,recovery_range_bar,recovery_turning_points
0,3661,3677,2025-01-01 02:02:02,0,process1,32.0,1.3277337632905946,0.0699655118587519,0.04454128543269643,0.05,-0.12433683704541687,0.994694696363335,0,0.0010751761841860169,0.12814378127629666,3,0.05308084726841322,0.4246467781473058,0
1,4021,4039,2025-01-01 02:14:02,0,process2,36.0,1.077521910324478,0.260283948632324,0.06840916522657464,0.05,-0.07691500747078611,0.6153200597662889,0,0.02884813992239437,0.6586660503411443,1,0.03353719995979798,0.26829759967838385,0
2,8641,8657,2025-01-01 04:48:02,0,process1,32.0,1.3520014605812665,0.10381414098011305,0.05056099678488804,0.05,-0.1241542017196891,0.9932336137575128,0,0.0021415693430741406,0.1971483641083256,3,0.05441778916624157,0.43534231332993256,0
3,18541,18559,2025-01-01 10:18:02,0,process2,36.0,1.1064510678390045,0.07900268816479436,0.06436227040530156,0.05,-0.08209343139902697,0.6567474511922158,0,0.030084279476457927,0.7090119611463424,1,0.0334848922887494,0.2678791383099952,0
4,18781,18797,2025-01-01 10:26:02,0,process1,32.0,1.3324887417310922,0.11221651523671948,0.047057561304788956,0.05,-0.1283865011802376,1.0270920094419007,0,0.002733104173207367,0.15474369737404725,2,0.054611534016391294,0.43689227213113035,0
5,27961,27979,2025-01-01 15:32:02,0,process2,36.0,1.1065497342489428,0.07049617099013841,0.06664098287748346,0.05,-0.08261573657775062,0.660925892622005,0,0.028151636916285378,0.6907453779023673,1,0.030163528041938115,0.24130822433550492,0
6,30001,30017,2025-01-01 16:40:02,0,process1,32.0,1.3543537488148498,0.04628753859085564,0.038415540680517855,0.1,-0.13180305602562842,1.0544244482050273,0,0.0027712692743471954,0.11564160506019228,3,0.04565065043544719,0.36520520348357755,0
7,33061,33079,2025-01-01 18:22:02,0,process2,36.0,1.1065559364330753,0.061790957375234094,0.08221775251487216,0.05,-0.07991324605147004,0.6393059684117604,0,0.03040212122462877,0.6873865863282642,1,0.0272227022905151,0.2177816183241208,0
8,36841,36857,2025-01-01 20:28:02,0,process1,32.0,1.337399989553493,0.10742336322762279,0.0505963148911643,0.1,-0.12342423158327337,0.987393852666187,0,0.0018710388790945417,0.16188187127159992,3,0.0538647430963789,0.4309179447710312,0
9,47161,47179,2025-01-02 02:12:02,1,process2,36.0,1.110931113299714,0.11738479475239963,0.07221441263096394,0.05,-0.0731045948147484,0.5848367585179872,0,0.029167816208638793,0.696554531235857,1,0.030662628673930048,0.24530102939144038,0
10,50941,50957,2025-01-02 04:18:02,1,process1,32.0,1.314222102264723,0.0706557431107503,0.040606346525614505,0.05,-0.1279382297244268,1.0235058377954145,0,0.0038975731951116366,0.1180333773271558,2,0.05351528478283318,0.42812227826266547,0
11,52981,52999,2025-01-02 05:26:02,1,process2,36.0,1.087667541837909,0.09566320808265466,0.06631363199821487,0.05,-0.0737303579354121,0.5898428634832968,0,0.026972282013039434,0.6449071905735213,1,0.03339738033961076,0.2671790427168861,0
12,58921,58937,2025-01-02 08:44:02,1,process1,32.0,1.3111061435675069,0.0322595910447155,0.04222224102971486,0.05,-0.12215616928420919,0.9772493542736735,0,0.0027900698940647294,0.13650514273487158,3,0.04852835423427987,0.38822683387423895,0
13,60361,60379,2025-01-02 09:32:02,1,process2,36.0,1.1012363178929503,0.05927207054325986,0.06740744000476678,0.05,-0.07873803499910254,0.6299042799928203,0,0.028111851494641484,0.6750681664486669,1,0.03364587126302959,0.26916697010423674,0
14,62221,62237,2025-01-02 10:34:02,1,process2,32.0,1.3406920663850999,0.13087999479883322,0.14661368195977806,0.05,-0.13023976356499767,1.0419181085199813,0,0.0031553858372488364,0.17348075235659044,3,0.055463504904719796,0.44370803923775837,0
15,62521,62539,2025-01-02 10:44:02,1,process2,36.0,1.113991481478533,0.06411086390786647,0.07901954233933009,0.05,-0.07236005170460763,0.578880413636861,0,0.028466565667210827,0.6833585705947929,1,0.03131568398039852,0.2505254718431882,0
16,64381,64397,2025-01-02 11:46:02,1,process1,32.0,1.337326478635113,0.028709779394396524,0.052723062790572095,0.05,-0.12433350075032079,0.9946680060025663,0,0.0048009241114679545,0.17393265896355903,3,0.05405397430824577,0.43243179446596614,0
17,66541,66559,2025-01-02 12:58:02,1,process2,36.0,1.0941829231280056,0.12263765982180257,0.07463701066932531,0.05,-0.07845720020280106,0.6276576016224085,0,0.029369436530264876,0.6770109961642854,1,0.026435650708744984,0.21148520566995987,0
18,67141,67157,2025-01-02 13:18:02,1,process1,32.0,1.3182882974449424,0.04237607214679976,0.04404072096234797,0.05,-0.12620175405128808,1.0096140324103047,0,0.0029297951528645485,0.12261200834753261,3,0.05423794513615471,0.43390356108923767,0
19,70681,70699,2025-01-02 15:16:02,1,process2,36.0,1.1155763415969147,0.18158950977816665,0.07102676048785954,0.05,-0.08082390903312758,0.6465912722650207,0,0.030884238009478777,0.7059193707631337,1,0.03317124321982473,0.26536994575859785,0
20,76501,76517,2025-01-02 18:30:02,1,process2,32.0,1.3425104010198012,0.02355150570633141,0.1416287055805123,0.05,-0.12838333747115727,1.0270666997692581,0,0.004215402825343408,0.1532581385361924,3,0.052109833942435624,0.416878671539485,0
21,78421,78439,2025-01-02 19:34:02,1,process2,36.0,1.1024241793966385,0.46034471585127446,0.07258575703747713,0.05,-0.07977116145718993,0.6381692916575195,0,0.028197825635793636,0.6809538977347382,1,0.034537483060445906,0.27629986448356725,0
22,82681,82697,2025-01-02 21:56:02,1,process2,32.0,1.345259222754005,0.10141154729416313,0.14184787449760544,0.05,-0.12412722816687716,0.9930178253350173,0,0.0016837597555504008,0.17762564556643978,5,0.052480106054668074,0.4198408484373446,0
23,86101,86119,2025-01-02 23:50:02,1,process2,36.0,1.1347927657856114,0.07240323357877772,0.07583757404959719,0.05,-0.07678615519424054,0.6142892415539243,0,0.028577965975837814,0.7373411160042393,1,0.031694802796914445,0.25355842237531556,0
24,88261,88277,2025-01-03 01:02:02,2,process1,32.0,1.3355233034275473,0.04535960057900598,0.05161852762082445,0.1,-0.12881629201783978,1.0305303361427183,0,0.002893949767794742,0.15034924387538062,3,0.055528984103052625,0.444231872824421,0
25,93001,93019,2025-01-03 03:40:02,2,process2,36.0,1.0950616778254387,0.14419521135468025,0.07399634478586804,0.05,-0.08079879416818542,0.6463903533454833,0,0.029372433820075743,0.6643339938835613,1,0.031224479347272294,0.24979583477817835,0
26,94621,94637,2025-01-03 04:34:02,2,process1,32.0,1.3220690778407755,0.017262021533143056,0.0494986587568311,0.05,-0.12417941900538726,0.9934353520430981,0,0.0016386579630573255,0.1635552618151035,3,0.05013090700711109,0.40104725605688873,0
27,101881,101899,2025-01-03 08:36:02,2,process2,36.0,1.105393879962337,0.15924842041067572,0.07714443934138472,0.05,-0.07664494458219895,0.6131595566575916,0,0.029273662028765593,0.6758789258262978,1,0.03281363623100175,0.262509089848014,0
28,102181,102197,2025-01-03 08:46:02,2,process1,32.0,1.33404602735934,0.23789740815625549,0.035455097927827806,0.1,-0.1261123739253357,1.0088989914026856,0,0.0018142985902025455,0.10923417395588064,3,0.0563717546763558,0.4509740374108464,0
29,106261,106279,2025-01-03 11:02:02,2,process2,36.0,1.0857534866840295,0.19612747329259392,0.06855039877560898,0.05,-0.07704604935001191,0.6163683948000953,0,0.028263604317548152,0.6692364917082929,1,0.03269329511855518,0.2615463609484414,0
30,107641,107657,2025-01-03 11:48:02,2,process2,32.0,1.3140595429578874,0.04417657116334345,0.14031365199307627,0.05,-0.12358768927612546,0.9887015142090037,0,0.0022135846834809847,0.13260567331806428,3,0.05173468419628008,0.41387747357024063,0
31,109801,109819,2025-01-03 13:00:02,2,process2,36.0,1.125465115167752,0.1257459169358685,0.07597647617096252,0.05,-0.08073618640256858,0.6458894912205486,0,0.02810574244743802,0.69764228187903,1,0.030929920739412198,0.24743936591529758,0
32,115741,115757,2025-01-03 16:18:02,2,process1,32.0,1.326132008272805,0.1039850645425692,0.04059011377077923,0.1,-0.12632245566086708,1.0105796452869367,0,0.00010946646060603114,0.14425049197166295,3,0.05161740733285186,0.4129392586628149,0
33,118321,118339,2025-01-03 17:44:02,2,process2,36.0,1.067331647349488,0.21921284545705136,0.06311267237235255,0.05,-0.07933779544701935,0.6347023635761548,0,0.027782765320690374,0.6449187020425309,1,0.02915882321423441,0.23327058571387527,0
34,118501,118517,2025-01-03 17:50:02,2,process1,32.0,1.362162837499747,0.17004153113213005,0.04244269736010161,0.1,-0.13268378448771218,1.0614702759016974,0,0.002796428721235891,0.12165835331379604,3,0.05098909994029427,0.40791279952235415,0
35,118681,118699,2025-01-03 17:56:02,2,process2,36.0,1.0935378023709381,0.08561395514791383,0.06779238510370897,0.05,-0.07992422881387706,0.6393938305110165,0,0.03140371683707957,0.6728750886945716,1,0.028686770676837614,0.2294941654147009,0
36,119401,119417,2025-01-03 18:20:02,2,process1,32.0,1.3437092362933338,0.04380355321217222,0.047069775774435586,0.05,-0.12910127136544958,1.0328101709235966,0,0.00391089001049178,0.14656251355116767,2,0.054826884391678765,0.4386150751334301,0
37,126121,126139,2025-01-03 22:04:02,2,process2,36.0,1.0804185567135338,0.0689762918645978,0.07380612466425837,0.05,-0.07563876451428186,0.6051101161142549,0,0.02702546740610802,0.6268121661632327,1,0.030855625873731085,0.24684500698984868,0
38,133741,133757,2025-01-04 02:18:02,3,process1,32.0,1.333056489264099,0.11784057672651417,0.0458944761317651,0.1,-0.12718449196642428,1.0174759357313943,0,0.0030976714996960985,0.14657088424864462,3,0.049069808738037846,0.39255846990430276,0
39,136441,136459,2025-01-04 03:48:02,3,process2,36.0,1.1038285095401195,0.27802546403949685,0.07253183862840562,0.05,-0.08015173569257433,0.6412138855405947,0,0.029142547159948365,0.66172555953136,1,0.03521946411509658,0.2817557129207726,0
40,139261,139277,2025-01-04 05:22:02,3,process1,32.0,1.336986955340663,0.08331357040435747,0.05037190693809157,0.1,-0.12865601261291215,1.0292481009032972,0,0.0012489909294921306,0.16796537101328646,3,0.0545791808824907,0.4366334470599256,0
41,143041,143058,2025-01-04 07:28:02,3,process2,34.0,1.099150889124104,0.1961290800760235,0.07718587769896568,0.05,-0.0808935598249218,0.6471484785993744,0,0.028229892480546318,0.6705853777520683,1,0.01915162419101818,0.15321299352814544,0
42,148321,148337,2025-01-04 10:24:02,3,process1,32.0,1.3257569961491154,0.043003406419922216,0.04784326104336535,0.05,-0.12083020764790042,0.9666416611832034,0,0.0011502677457328038,0.1516909873985881,3,0.05491786322322473,0.4393429057857978,0
43,153661,153679,2025-01-04 13:22:02,3,process2,36.0,1.103560108385274,0.08867788988005343,0.06865031391562457,0.05,-0.08252026869317647,0.6601621495454117,0,0.028939770784841484,0.6815525606100388,1,0.030375454460138063,0.2430036356811045,0
44,156661,156677,2025-01-04 15:02:02,3,process1,32.0,1.3342072865292147,0.12050002097635264,0.047261758140131775,0.05,-0.132513419999979,1.060107359999832,0,0.003553621099808958,0.16124439542115576,3,0.056020142188789035,0.4481611375103123,0
45,158161,158179,2025-01-04 15:52:02,3,process2,36.0,1.0931218340707156,0.21750418352960368,0.0720610607316161,0.05,-0.08277249212076404,0.6621799369661123,0,0.0283156376564258,0.6627194256234796,1,0.033045430766345474,0.2643634461307638,0
46,159721,159737,2025-01-04 16:44:02,3,process2,32.0,1.3538418933180916,0.02276475945289697,0.14531643762708488,0.05,-0.12850541493033496,1.0280433194426797,0,0.0033390134186552047,0.17268638943464998,3,0.0520142130138439,0.4161137041107512,0
47,165361,165379,2025-01-04 19:52:02,3,process2,36.0,1.0958419265670543,0.14101560889543688,0.06745789132464027,0.05,-0.08134178464060338,0.650734277124827,0,0.028590302312260132,0.6637384893390594,1,0.037004307683628335,0.2960344614690267,0
48,169801,169817,2025-01-04 22:20:02,3,process1,32.0,1.363314826790842,0.11006065423676782,0.04862696079948696,0.1,-0.13318402473517799,1.0654721978814239,0,0.002229807268688328,0.16346590479516365,3,0.04927231068083582,0.39417848544668654,0
49,173101,173119,2025-01-05 00:10:02,4,process2,36.0,1.1003816337034626,0.32101920604899625,0.06517433739505535,0.05,-0.0793204095874176,0.6345632766993408,0,0.02970108090981384,0.7001863985040586,1,0.0343658775730481,0.2749270205843848,0
50,178681,178697,2025-01-05 03:16:02,4,process2,32.0,1.330325997821502,0.03824232116832623,0.14875009454485302,0.05,-0.1304315443074639,1.0434523544597112,0,0.0043177740219974125,0.17858382762205194,3,0.05153115888595261,0.4122492710876209,0
51,181261,181279,2025-01-05 04:42:02,4,process2,36.0,1.0961704553770306,0.11249485321619647,0.0694362568488155,0.05,-0.07725287482072246,0.6180229985657797,0,0.029477987285006266,0.6760551547284686,1,0.028943141594369226,0.2315451327549538,0
52,184681,184697,2025-01-05 06:36:02,4,process1,32.0,1.328439383121288,0.11425326030587306,0.047283419512506676,0.1,-0.1237775383316132,0.9902203066529056,0,0.004451913346141466,0.1398317268171816,5,0.0482587233181862,0.3860697865454896,0
53,193021,193039,2025-01-05 11:14:02,4,process2,36.0,1.1068562920602387,0.045046355426179255,0.06952364206872022,0.05,-0.07780013864990509,0.6224011091992407,0,0.029340132656732854,0.6896663448168345,1,0.026350985293293383,0.21080788234634706,0
54,196801,196817,2025-01-05 13:20:02,4,process1,32.0,1.3358522808962032,0.11459090160231472,0.050554051261789315,0.1,-0.12433670282112519,0.9946936225690015,0,0.0030302463110567007,0.1550167003289573,3,0.04691220087796283,0.37529760702370263,0
55,201301,201319,2025-01-05 15:50:02,4,process2,36.0,1.0920831026068978,0.16163905111927362,0.07890892889130889,0.05,-0.08155123988743895,0.6524099190995116,0,0.029804163613889784,0.6740364058550243,1,0.02823202643689443,0.22585621149515545,0
56,203101,203117,2025-01-05 16:50:02,4,process1,32.0,1.353840231610345,0.04381195794189686,0.06170394711467565,0.05,-0.12907790686055576,1.032623254884446,0,0.004049412994100986,0.18190291092653954,3,0.047821797364847485,0.3825743789187799,0
57,206221,206239,2025-01-05 18:34:02,4,process2,36.0,1.091259362697107,0.1780521017306565,0.08057482262191647,0.05,-0.08294283661972213,0.663542692957777,0,0.030004303131751914,0.6579129267978328,1,0.029740193877385745,0.23792155101908596,0
58,206461,206477,2025-01-05 18:42:02,4,process1,32.0,1.332901148196676,0.189628827766377,0.04570855445688926,0.05,-0.12889762734379295,1.0311810187503436,0,0.0025304739997163367,0.13022305236843623,3,0.046484935562861485,0.3718794845028919,0
59,206821,206839,2025-01-05 18:54:02,4,process2,36.0,1.070475358916375,0.11697313489021442,0.06815303080785247,0.05,-0.07989607448031594,0.6391685958425275,0,0.026207387424052438,0.6118794826840408,1,0.03235638331613999,0.25885106652911993,0
60,207061,207077,2025-01-05 19:02:02,4,process2,32.0,1.3410861609428828,0.04340522408159173,0.14079633056212637,0.05,-0.12517063456563104,1.0013650765250484,0,0.0007924513684411691,0.17431456029636294,3,0.05300577803404649,0.42404622427237193,0
61,208141,208159,2025-01-05 19:38:02,4,process2,36.0,1.1155022643748684,0.2902323490469807,0.06962957966530564,0.05,-0.07686674732093174,0.6149339785674539,0,0.028409060023957586,0.6994763172968108,1,0.034365769292806936,0.2749261543424555,0
62,215881,215897,2025-01-05 23:56:02,4,process1,32.0,1.316723793903945,0.2899781946199614,0.04219053491435491,0.1,-0.12311563331809461,0.9849250665447569,0,0.002712163326616082,0.12903839603412592,3,0.04792845778588212,0.38342766228705694,0
63,219841,219859,2025-01-06 02:08:02,5,process2,36.0,1.0932534636057727,0.10653124603323273,0.06458524799128751,0.05,-0.08288297263362787,0.663063781069023,0,0.028458523468674723,0.6764719521229181,1,0.03013049538838264,0.2410439631070611,0
64,229081,229097,2025-01-06 07:16:02,5,process1,32.0,1.3434599506163072,0.07552500440909429,0.0462379336955483,0.1,-0.12829024923484084,1.0263219938787267,0,0.002824375506087594,0.14241664136257182,3,0.05333010733927401,0.4266408587141921,0
65,239761,239779,2025-01-06 13:12:02,5,process2,36.0,1.093909161909504,0.2382603027631555,0.0693133583430005,0.05,-0.08082413048618337,0.6465930438894669,0,0.02970752390814006,0.6647581085592495,1,0.03086528265737537,0.24692226125900296,0
66,240061,240077,2025-01-06 13:22:02,5,process2,32.0,1.3235151584973819,0.054109261175621086,0.14025576022069758,0.05,-0.12531126293738343,1.0024901034990674,0,0.003540007664563848,0.12768897649488675,3,0.0514087858060146,0.4112702864481168,0
67,240241,240259,2025-01-06 13:28:02,5,process2,36.0,1.0856940011530813,0.1617469731904357,0.07080185537804581,0.05,-0.07879022705719951,0.6303218164575961,0,0.02818009420718141,0.6658014807981423,1,0.031042011226621258,0.24833608981297006,0
68,240541,240557,2025-01-06 13:38:02,5,process1,32.0,1.32670596947783,0.07823194417969412,0.042042341100278526,0.1,-0.1294182795281471,1.0353462362251769,0,0.0009465835616434178,0.13028013087804524,3,0.04805172318007955,0.3844137854406364,0
69,243181,243199,2025-01-06 15:06:02,5,process2,36.0,1.1034623757399569,0.1948421347675839,0.06623298684991252,0.05,-0.07678804105344306,0.6143043284275445,0,0.02892257434155243,0.6841974897376462,1,0.028573558809402988,0.2285884704752239,0
70,248641,248657,2025-01-06 18:08:02,5,process1,32.0,1.3334575476514594,0.10901898846342264,0.05103747686956655,0.05,-0.12749018519712402,1.0199214815769921,0,0.0036002395580682694,0.17407815560873185,3,0.05097093602153574,0.4077674881722859,0
71,250261,250279,2025-01-06 19:02:02,5,process2,36.0,1.1198362294246964,0.19633974662113624,0.07391206412995609,0.05,-0.07372289927428471,0.5897831941942777,0,0.03157996408773816,0.7319646538268487,1,0.02980066699591577,0.23840533596732616,0
72,260641,260657,2025-01-07 00:48:02,6,process1,32.0,1.335073250959038,0.09467471776849352,0.04586189368253595,0.1,-0.12829812634645715,1.0263850107716572,0,0.000816570548317778,0.15332985196734583,3,0.05155195055524092,0.4124156044419274,0
73,261661,261679,2025-01-07 01:22:02,6,process2,36.0,1.0953873621743266,0.09967680645396514,0.0663699176901775,0.05,-0.07746739105359163,0.619739128428733,0,0.03107135379435544,0.6946912884808638,1,0.03325550058091803,0.26604400464734423,0
74,264601,264617,2025-01-07 03:00:02,6,process1,32.0,1.326231519101312,0.15135617505351598,0.04593666632968207,0.1,-0.12963533832949548,1.0370827066359638,0,0.0023499039820161893,0.1309051252616591,5,0.05524064390568961,0.4419251512455169,0
75,269101,269119,2025-01-07 05:30:02,6,process2,36.0,1.1174543019628933,0.10725011432772637,0.07240233802692797,0.05,-0.0743853682823929,0.5950829462591432,0,0.030919847883817644,0.7251036016519392,1,0.030181558370288297,0.24145246696230638,0
76,271201,271217,2025-01-07 06:40:02,6,process1,32.0,1.3355645832724257,0.11470118896234287,0.04572444996119416,0.1,-0.1254792369879848,1.0038338959038784,0,-0.0002111964205802804,0.15264481456186507,3,0.05400409409743345,0.4320327527794676,0
77,271741,271759,2025-01-07 06:58:02,6,process2,36.0,1.0992039475097695,0.12287960654056858,0.07055857960774281,0.05,-0.07929186093786844,0.6343348875029475,0,0.02786690048821093,0.6632333987844632,1,0.030279843260481387,0.2422387460838511,0
78,277801,277817,2025-01-07 10:20:02,6,process1,32.0,1.3211314682587068,0.18989846866371496,0.04257600978064416,0.1,-0.12349763987596235,0.9879811190076988,0,0.003794356848338238,0.13274745905698593,3,0.05006421473643685,0.4005137178914948,0
79,280921,280939,2025-01-07 12:04:02,6,process2,36.0,1.1010454797111517,0.1867993592187267,0.06593503007990172,0.05,-0.07987177582059529,0.6389742065647623,0,0.031056077220371552,0.7030306323392339,1,0.031093694523337212,0.2487495561866977,0
80,283141,283157,2025-01-07 13:18:02,6,process1,32.0,1.3376510038364149,0.11984978226300226,0.04455940409678076,0.1,-0.12862608705918088,1.029008696473447,0,0.003588358766273478,0.14213037314697452,2,0.050791392414542724,0.4063311393163418,0
81,287581,287599,2025-01-07 15:46:02,6,process2,36.0,1.0923749286548938,0.21839275923636267,0.0653858303690927,0.05,-0.07593339744085842,0.6074671795268674,0,0.027194586974851234,0.6521753662928558,1,0.029821511404989287,0.2385720912399143,0
82,292981,292997,2025-01-07 18:46:02,6,process2,32.0,1.31913550260355,0.04441301836464861,0.1429814394131232,0.05,-0.12055181925725139,0.9644145540580111,0,0.0023172868369850785,0.14998143163444233,3,0.05392818211657224,0.43142545693257794,0
83,294061,294079,2025-01-07 19:22:02,6,process2,36.0,1.1134546559829097,0.13752741606372337,0.0746500642056338,0.05,-0.07803582168649725,0.624286573491978,0,0.028486546553369782,0.6778921878760871,1,0.02802814689985189,0.22422517519881513,0
84,295261,295277,2025-01-07 20:02:02,6,process1,32.0,1.3239777275646794,0.08586685862023134,0.04087351739044098,0.1,-0.12739499451854053,1.0191599561483242,0,0.002405331967351401,0.13376711684055653,3,0.05297026777124375,0.42376214216995,0
85,295621,295639,2025-01-07 20:14:02,6,process2,36.0,1.0893512497432765,0.07846524324903516,0.06825196072643866,0.05,-0.07415452870908923,0.5932362296727138,0,0.031087428045893286,0.7024914425360689,1,0.03161519635478688,0.25292157083829503,0
86,298381,298397,2025-01-07 21:46:02,6,process1,32.0,1.333037514324253,0.12667572623953052,0.05028276327688672,0.1,-0.12861620767344856,1.0289296613875885,0,0.004257661634170147,0.15253601825072494,3,0.04760062353881267,0.38080498831050136,0
87,302221,302239,2025-01-07 23:54:02,6,process2,36.0,1.0973244215317433,0.04499083041474319,0.061391228675830904,0.05,-0.07531501261824958,0.6025201009459966,0,0.02891277322308334,0.6722482526539597,1,0.02784921586101491,0.22279372688811927,0
88,308881,308897,2025-01-08 03:36:02,7,process1,32.0,1.3455009145817662,0.18423258587172175,0.05192757327455719,0.1,-0.12913921920557053,1.0331137536445643,0,0.0026324934248563242,0.1546202319399237,5,0.05482751746738629,0.4386201397390903,0
89,309241,309259,2025-01-08 03:48:02,7,process2,36.0,1.1029482264749944,0.2861780663491374,0.07411075901164786,0.05,-0.07674116136928949,0.6139292909543159,0,0.02871750764745551,0.6777432058559287,1,0.029610811414403415,0.23688649131522732,0
90,309541,309557,2025-01-08 03:58:02,7,process1,32.0,1.3295858881124385,0.08144175664915887,0.040846175291519224,0.05,-0.12881455776808964,1.0305164621447171,0,0.003776506106379227,0.1162362444103886,3,0.05402397768191136,0.4321918214552909,0
91,312661,312679,2025-01-08 05:42:02,7,process2,36.0,1.1092723629628152,0.1749477965512099,0.0739437790413953,0.05,-0.08093197326810286,0.6474557861448229,0,0.029919276040100116,0.6998235631389407,1,0.030429164415920307,0.24343331532736245,0
92,315361,315377,2025-01-08 07:12:02,7,process1,32.0,1.3350826647561846,0.02383335992728421,0.05963485418510337,0.05,-0.12987231792357606,1.0389785433886085,0,0.0027535251495374663,0.17128033618173655,3,0.05105595522752632,0.40844764182021054,0
93,318781,318799,2025-01-08 09:06:02,7,process2,36.0,1.1043092200107778,0.25915018286439867,0.06842124200266403,0.05,-0.07349675765826147,0.5879740612660918,0,0.029190042474381245,0.6795725622216078,1,0.035464233068500994,0.28371386454800795,0
94,321541,321557,2025-01-08 10:38:02,7,process1,32.0,1.3552009106650038,0.12258540530811965,0.05038571085693176,0.1,-0.13410607462193358,1.0728485969754686,0,0.002092239988495454,0.1512048048167176,3,0.05812290879239834,0.46498327033918674,0
95,323581,323599,2025-01-08 11:46:02,7,process2,36.0,1.112598055913487,0.0721053800306703,0.07240552732254893,0.05,-0.08170847347311944,0.6536677877849555,0,0.028887407202092746,0.6851167034595691,1,0.032967222507808924,0.2637377800624714,0
96,323641,323657,2025-01-08 11:48:02,7,process1,32.0,1.3432591521799577,0.12084985365862368,0.05069398520337399,0.1,-0.12428135637486815,0.9942508509989452,0,0.0011766115112185923,0.16250062891803552,3,0.05437472971416246,0.4349978377132997,0
97,323701,323719,2025-01-08 11:50:02,7,process2,36.0,1.1000533504135444,0.4007242377740253,0.0633142407561393,0.05,-0.07848178068241668,0.6278542454593334,0,0.0308463146485825,0.7239120631558782,1,0.032185956973292906,0.25748765578634325,0
98,331921,331937,2025-01-08 16:24:02,7,process1,32.0,1.3566853165476118,0.16128094818434185,0.05102758244331652,0.1,-0.12484734438161965,0.9987787550529572,0,-0.00015370328333904246,0.1606812823755659,3,0.05786926779716217,0.4629541423772974,0
99,332161,332179,2025-01-08 16:32:02,7,process2,36.0,1.089801156904545,0.05113158946660246,0.06818847280530564,0.05,-0.07087424055797331,0.5669939244637865,0,0.030748288343116516,0.6823258243718926,1,0.0327353636626711,0.2618829093013688,0
100,340621,340637,2025-01-08 21:14:02,7,process2,32.0,1.3559198107485457,0.6628405955352911,0.10495242952864628,0.05,-0.11930767075657267,0.9544613660525814,0,-0.00403892066167207,0.1525806968787773,4,0.05608936601874065,0.4487149281499252,0
101,342361,342379,2025-01-08 22:12:02,7,process2,36.0,1.1027288600796865,0.09985382225552182,0.07420152783462255,0.05,-0.07555993000891903,0.6044794400713522,0,0.026137793788321644,0.6358962777452382,1,0.034112291606833545,0.27289833285466836,0
102,349021,349037,2025-01-09 01:54:02,8,process1,32.0,1.3638776128927486,0.0375710816438788,0.04475188754838983,0.05,-0.12283488114712915,0.9826790491770332,0,-0.004088820135662832,0.14632232968229753,4,0.051874897232982664,0.4149991778638613,0
103,356761,356779,2025-01-09 06:12:02,8,process2,36.0,1.0560150775066424,0.20084059496154275,0.0645708316115443,0.05,-0.07524766021961576,0.6019812817569261,0,0.025068291225237474,0.6268689773953762,1,0.028913650014771253,0.23130920011817002,0
104,356821,356837,2025-01-09 06:14:02,8,process1,32.0,1.4000574001613164,0.21972536631012088,0.06681798429929209,0.1,-0.12548317190502445,1.0038653752401956,0,-0.005331558820392675,0.2094799400383338,3,0.049744401563563745,0.39795521250850996,0
105,356881,356899,2025-01-09 06:16:02,8,process2,36.0,1.1182883128182692,0.1714614381982968,0.07704283981470252,0.05,-0.08102073898746626,0.64816591189973,0,0.03175214865628874,0.7156845443593105,1,0.028584018597104188,0.2286721487768335,0
106,357301,357317,2025-01-09 06:30:02,8,process1,32.0,1.3930009083219437,0.1635465950060862,0.06246070080332416,0.1,-0.12757810888413157,1.0206248710730526,0,-0.0035418411215544727,0.18419280844631736,4,0.05600877669430887,0.44807021355447096,0
107,364921,364938,2025-01-09 10:44:02,8,process2,34.0,1.1233091829320947,0.3785456160379428,0.0721017427690301,0.05,-0.08216722766392898,0.6573378213114318,0,0.027107433330238424,0.6657738972726257,1,0.014185265075780829,0.11348212060624663,0
108,376321,376337,2025-01-09 17:04:02,8,process2,32.0,1.4632840892042935,0.10452997331014417,0.1021541083849865,0.05,-0.12441740697185444,0.9953392557748355,0,-0.00794581984239019,0.24546486804543655,3,0.05718435036766467,0.45747480294131737,0
109,377341,377359,2025-01-09 17:38:02,8,process2,36.0,1.0951271262099458,0.19886699644514658,0.07971067629148712,0.05,-0.08542114149476299,0.6833691319581039,0,0.030487825502756232,0.6762882686891385,1,0.029825784807102074,0.2386062784568166,0
110,378121,378137,2025-01-09 18:04:02,8,process2,32.0,1.4821927173112552,0.12923782574790282,0.1176002881066154,0.05,-0.1298903491666104,1.0391227933328833,0,-0.0021594782399543514,0.2789722285053102,3,0.053180403035811286,0.4254432242864903,0
111,378901,378919,2025-01-09 18:30:02,8,process2,36.0,1.0884602045932237,0.1313102216354062,0.060168591563221185,0.05,-0.08370374079071463,0.669629926325717,0,0.025826763197333482,0.6477767396856327,1,0.029379899600526782,0.23503919680421426,0
112,379441,379457,2025-01-09 18:48:02,8,process1,32.0,1.449821182464008,0.3953961965745784,0.06881333545321362,0.1,-0.11984272537622576,1.0302151153453138,1,-0.0035952295063054317,0.25840137491111825,3,0.04685750124598609,0.3748600099678887,0
113,386941,386959,2025-01-09 22:58:02,8,process2,36.0,1.1128681611373277,0.04610868987450211,0.07070595290770589,0.05,-0.07599638301328249,0.6079710641062599,0,0.028555985831556052,0.7097900097001824,1,0.029434102211030266,0.23547281768824213,0
114,389581,389597,2025-01-10 00:26:02,9,process1,32.0,1.4266757877262402,0.7000320999869045,0.056170984014694864,0.1,-0.12560449188780792,1.0071416217958808,1,-0.0015331488737437098,0.14570801179901682,4,0.058757529549540166,0.47006023639632133,0
115,394801,394819,2025-01-10 03:20:02,9,process2,36.0,1.078699793396165,0.060021171140509456,0.07321882158088051,0.05,-0.07596097946790314,0.6076878357432252,0,0.03062323023164189,0.6705030008727864,1,0.026381465777676583,0.21105172622141266,0
116,396301,396317,2025-01-10 04:10:02,9,process1,32.0,1.4872665179604976,0.7807149420215115,0.07714216041748702,0.1,-0.11918067987415976,1.0372797270242735,1,-0.0038069704057237777,0.25044376333835583,4,0.06462809244535433,0.5170247395628347,0
117,402061,402079,2025-01-10 07:22:02,9,process2,36.0,1.0933238664484182,0.09327405254706497,0.06054843017567311,0.05,-0.07601912480706924,0.6081529984565539,0,0.029568820175178107,0.7058150977689666,1,0.03391514832836934,0.2713211866269547,0
118,407341,407357,2025-01-10 10:18:02,9,process1,32.0,1.514305322411131,0.5986198827544833,0.07110481917735727,0.1,-0.11770600895081268,1.026784049928903,1,-0.004464905678170089,0.22936287979364156,4,0.05803978758837547,0.46431830070700375,0
119,408481,408499,2025-01-10 10:56:02,9,process2,36.0,1.0993361740828513,0.42902873331476454,0.07743006866077336,0.05,-0.08533404974642389,0.6826723979713911,0,0.029414418706127377,0.6646543334918285,1,0.03217252988791519,0.25738023910332153,0
120,409861,409877,2025-01-10 11:42:02,9,process1,32.0,1.5127796596726721,0.6179253971742483,0.07366582778864682,0.1,-0.11264201368086546,1.0760046167013324,1,-0.005243665787163041,0.22711196554876611,4,0.05789057726702229,0.46312461813617833,0
121,414001,414019,2025-01-10 14:00:02,9,process2,36.0,1.1009002917371085,0.1796731789120203,0.07019075537947533,0.05,-0.07928407119505154,0.6342725695604123,0,0.030289527102180754,0.6873189737458265,1,0.03036372279926336,0.24290978239410688,0
122,415801,415817,2025-01-10 15:00:02,9,process1,32.0,1.4998444824151278,0.7335327935975108,0.07487926572917278,0.1,-0.1258241143532352,1.1372578898540584,1,-0.001800941938179183,0.20126226208701414,4,0.05935467426609614,0.47483739412876913,0
123,417241,417258,2025-01-10 15:48:02,9,process2,34.0,1.0590476771313226,0.12831906489417688,0.0733317073618004,0.05,-0.06696135670181597,0.5356908536145277,0,0.027821628744670916,0.6089093562062455,1,0.015251453269869486,0.12201162615895589,0
124,419581,419597,2025-01-10 17:06:02,9,process1,32.0,1.5345970232768327,0.6300334236202126,0.07394961254603058,0.1,-0.11609328018984455,1.0258719729994579,1,-5.00879034893832e-05,0.2498436327609781,4,0.066558263649026,0.532466109192208,0
125,421201,421219,2025-01-10 18:00:02,9,process2,36.0,1.1812224311362187,0.11442302926284716,0.07910744658961079,0.05,-0.07289306459206424,0.5831445167365139,0,0.025225430663914854,0.7560036375086794,1,0.031547687316918094,0.25238149853534475,0
126,425281,425297,2025-01-10 20:16:02,9,process1,32.0,1.5127098489569457,0.5371417889190077,0.07054258214841688,0.1,-0.11889343660636181,1.0969371235288672,1,0.0014333248991520442,0.24301403040506564,5,0.06247761202572255,0.4998208962057804,0
127,436381,436398,2025-01-11 02:26:02,10,process2,34.0,1.1090127172607405,0.10640175671109979,0.06838816872708128,0.05,-0.0688696221002375,0.5509569768019,0,0.03102936680145575,0.6762982240079833,1,0.02972695045275192,0.23781560362201537,0
128,438121,438137,2025-01-11 03:24:02,10,process1,32.0,1.5125554204399432,0.7379977576678193,0.08123452785991292,0.1,-0.11859574014593804,0.9956583763152591,1,0.0034713948951098977,0.23689277944610954,5,0.048163736028241866,0.3853098882259349,0
129,439261,439278,2025-01-11 04:02:02,10,process2,34.0,1.088717900133826,0.04148759533576487,0.06298365974526626,0.05,-0.08674106148086946,0.6939284918469557,0,0.02712114497113892,0.633841591380425,1,0.019048064614242632,0.15238451691394106,0
130,439441,439457,2025-01-11 04:08:02,10,process1,32.0,1.5131264758017977,1.7407001916978193,0.07250960796477098,0.15000000000000002,-0.11542150154851016,0.9752183685148355,1,-0.0025770272560677507,0.18509867223402665,5,0.052196017712857756,0.41756814170286205,0
131,444842,444860,2025-01-11 07:08:04,10,process2,36.0,1.1018417871796204,0.16125736887502026,0.1166207512633546,0.05,-0.08103991904076813,0.648319352326145,0,0.038067303025701986,0.7483199774328426,2,0.014767508496438153,0.1960740195845312,1
132,446941,446957,2025-01-11 08:18:02,10,process1,32.0,1.5364948502156617,1.2734118623147743,0.07387605776643581,0.15000000000000002,-0.12163350230201009,1.0427604174237741,1,0.003830098708975981,0.20758961061479164,5,0.06724634953454811,0.5379707962763849,0
133,451201,451219,2025-01-11 10:40:02,10,process2,36.0,1.103974113457149,0.7722363764767912,0.07828043124344254,0.05,-0.08212481488641132,0.6569985190912906,0,0.031679580817686036,0.70108631841638,3,0.029941767520456797,0.23953414016365437,0
134,456961,456977,2025-01-11 13:52:02,10,process2,32.0,1.599490353608763,1.410128375071985,0.1723245287108124,0.15000000000000002,-0.12106826864013043,1.0810815245331282,1,0.003021821605832765,0.32142324047176807,5,0.07244249254415897,0.5795399403532717,0
135,457022,457039,2025-01-11 13:54:04,10,process2,34.0,1.0783480787340993,0.05051750675812219,0.1127822004005568,0.05,-0.08578185058570237,0.686254804685619,0,0.04024457453124383,0.724402341562389,0,0.01596091586954418,0.12768732695635343,0
136,458401,458418,2025-01-11 14:40:02,10,process1,34.0,1.5627087758229266,1.425863255566554,0.08219334002453421,0.15000000000000002,-0.1276848407360836,1.0923398452861925,1,0.007019690410500335,0.2503289143605163,4,0.1287902454686778,1.0303219637494223,0
137,460741,460759,2025-01-11 15:58:02,10,process2,36.0,1.1013077702211884,0.44511338146067636,0.07972141326122799,0.05,-0.08607129226966004,0.6885703381572803,0,0.03210080405639795,0.7448951808193254,3,0.027362008560446793,0.21889606848357435,0
138,465841,465857,2025-01-11 18:48:02,10,process2,32.0,1.544536247641445,1.1734634729776323,0.17150917465935547,0.15000000000000002,-0.11946737207308727,1.0527699440584146,1,0.006807215753944101,0.25117153749286913,4,0.05982281633623315,0.4785825306898652,0
139,471661,471679,2025-01-11 22:02:02,10,process2,36.0,1.099238440444834,0.20145331077758655,0.07754840648128965,0.05,-0.08076705221259334,0.6461364177007467,0,0.025332694418771458,0.5940506393576266,1,0.02283478244572762,0.18267825956582096,0
140,474481,474497,2025-01-11 23:36:02,10,process2,32.0,1.5971879319576487,1.1209687953795189,0.17875858550223342,0.05,-0.12623648725110942,1.0098918980088754,0,0.005391610447075134,0.36036085288355313,4,0.06213593208419388,0.49708745667355103,0
141,482042,482059,2025-01-12 03:48:04,11,process2,34.0,1.0281962824987332,0.2813525521403503,0.09203717188459345,0.05,-0.08036979407540978,0.6429583526032783,0,0.04034448275416826,0.7262006895750286,2,0.019737980098213315,0.15790384078570652,0
142,486601,486617,2025-01-12 06:20:02,11,process1,32.0,1.5919854268232654,2.2975851077225165,0.07836690259618281,0.15000000000000002,-0.13718529537737623,1.1321221843833187,1,0.012225353694903074,0.22097194090837524,4,0.0591515781843755,0.473212625475004,0
143,489421,489439,2025-01-12 07:54:02,11,process2,36.0,1.0790756402947146,1.2646726515008118,0.09639520885968936,0.05,-0.07332003185907687,0.586560254872615,0,0.029747968963193823,0.6353268617611283,4,0.038456767625407506,0.30765414100326005,0
144,493921,493938,2025-01-12 10:24:02,11,process1,34.0,1.6520514520040748,2.783546485389105,0.08505164404473241,0.15000000000000002,-0.14844552005276712,1.187564160422137,0,0.012274538764744368,0.2878095907081044,5,0.14374009729896708,1.1499207783917367,0
145,495422,495439,2025-01-12 11:14:04,11,process2,34.0,1.0806437026229476,0.0668554422738684,0.12327981509989965,0.05,-0.09400068893523567,0.7520055114818853,0,0.04213066323884464,0.7583519382992034,0,0.026949564288258676,0.2472819799322048,1
146,495961,495977,2025-01-12 11:32:02,11,process2,32.0,1.631615735598702,1.636104067447793,0.1679985334630739,0.15000000000000002,-0.1441516854665249,1.215249233255519,1,0.007984180249702143,0.31730205590747396,5,0.04661982443801688,0.372958595504135,0
147,497641,497662,2025-01-12 12:28:02,11,process2,42.0,1.0487795290928368,0.638112100900206,0.09354808327807294,0.05,-0.08778245179047617,0.7022596143238093,0,0.04147169571806776,0.7548739227647996,1,0.016606760980781676,0.13683147604990076,2
148,498361,498378,2025-01-12 12:52:02,11,process2,34.0,1.671469278198602,2.0842149121433544,0.17173722865118418,0.15000000000000002,-0.1459276002934235,1.1746133614012941,1,0.006999891774000548,0.3545165304449882,5,0.12252721653336401,0.9802177322669121,0
149,498661,498679,2025-01-12 13:02:02,11,process2,36.0,1.0236606223728462,0.36121111239305925,0.07372298924020489,0.05,-0.07324029777333468,0.5859223821866775,0,0.02371220117938824,0.5222862773795871,1,0.032971061693186254,0.26376849354549003,0
150,499561,499577,2025-01-12 13:32:02,11,process2,32.0,1.609698370538036,0.8420139271681278,0.15061797615771902,0.05,-0.14302236502002075,1.144178920160166,0,0.004333082074425497,0.27015641567412674,5,0.06507456730848993,0.5205965384679194,0
151,509762,509780,2025-01-12 19:12:04,11,process2,36.0,1.1073819842140633,0.047902517213037954,0.1300613317341366,0.05,-0.07792643677922595,0.6234114942338076,0,0.042678684103732004,0.768216313867176,0,0.04863016226413697,0.38904129811309573,0
152,511861,511877,2025-01-12 20:22:02,11,process2,32.0,1.6123033101379938,3.3886504867623106,0.16137732677054967,0.2,-0.13258552612511532,1.0699288020968485,1,-0.0004179760019546761,0.2967983077592682,5,0.0628281985973631,0.5026255887789048,0
153,515041,515058,2025-01-12 22:08:02,11,process2,34.0,1.1536618051497833,0.2460218593621421,0.09433710148806244,0.05,-0.09405455562698917,0.7524364450159133,0,0.036437568615197945,0.8583007548698065,3,0.0073632508647736294,0.09325047471277514,1
154,516121,516137,2025-01-12 22:44:02,11,process2,32.0,1.6197965676867794,1.2442329249315742,0.14081791527638401,0.15000000000000002,-0.15840966586516764,1.267277326921341,0,0.005971495308349666,0.2727690421068698,5,0.06083992914478342,0.4867194331582674,0
155,523021,523040,2025-01-13 02:34:02,12,process2,38.0,1.1154372998943192,4.054668802166266,0.06516468678969087,0.15000000000000002,-0.07998044702793922,0.6398435762235137,0,0.030147894885931725,0.70035861171259,1,0.05564898491631182,0.44519187933049453,0
156,523441,523457,2025-01-13 02:48:02,12,process2,32.0,1.6733546130867705,0.965870728534456,0.15526899602638905,0.15000000000000002,-0.16473271387405242,1.3178617109924193,0,0.003619697139829064,0.3091760918836939,5,0.052544250042735885,0.4203540003418871,0
157,528778,528799,2025-01-13 05:45:56,12,process2,42.0,1.0638423837534745,0.3883330499353234,0.08734859466215332,0.05,-0.06934755086836697,0.597611938256251,1,2.7651027967139858e-05,0.485517424604192,3,0.04804059188048365,0.3843247350438692,0
158,530341,530360,2025-01-13 06:38:02,12,process2,38.0,1.6655609083760785,1.4303594648274687,0.14852908329983597,0.15000000000000002,-0.175875490361606,1.407003922892848,0,0.005314851220868204,0.34637591057443107,6,0.11552334855884616,1.0805668997804077,1
159,532141,532159,2025-01-13 07:38:02,12,process2,36.0,1.084341603940926,0.9029701328037694,0.06326610974035285,0.05,-0.08084149411949532,0.6467319529559625,0,0.02444163010126525,0.6167100143996045,1,0.037210966890815655,0.29768773512652524,0
160,544861,544877,2025-01-13 14:42:02,12,process1,32.0,1.666294931972288,2.6688449573645636,0.06597254548790422,0.2,-0.15945784078147834,1.2756627262518268,0,-0.004664814483568591,0.23817859400108254,6,0.06219690120503418,0.49757520964027346,0
161,546482,546499,2025-01-13 15:36:04,12,process2,34.0,1.0788739944108565,0.026848313178435595,0.10763569679421918,0.05,-0.09269081732077372,0.7415265385661898,0,0.043300340275864616,0.779406124965563,0,0.025955244653172116,0.20764195722537693,0
162,546901,546917,2025-01-13 15:50:02,12,process2,32.0,1.6949008521865019,0.9646197412956935,0.12975581261737507,0.05,-0.1743608394273557,1.3948867154188456,0,-0.004669921642244162,0.2392535289494937,5,0.070228233122832,0.561825864982656,0
163,549482,549498,2025-01-13 17:16:04,12,process2,32.0,1.1066173914811257,0.2056668644668698,0.12430190574716549,0.05,-0.06960790449498455,0.5568632359598764,0,0.046598190964337226,0.83876743735807,0,0.025837923243301475,0.2067033859464118,0
164,549541,549558,2025-01-13 17:18:02,12,process1,34.0,1.7449513156729237,4.138423491702588,0.09901154122342745,0.15000000000000002,-0.17490805787749297,1.3992644630199438,0,-0.004159036660109787,0.30340178552227837,6,0.11413774900338142,0.9131019920270513,0
165,551341,551359,2025-01-13 18:18:02,12,process2,36.0,1.1220732979851937,0.6505885484513069,0.09337696233407293,0.05,-0.07100710008846772,0.5680568007077418,0,0.029886715006580095,0.7125989044958634,5,0.03412824805016684,0.27302598440133474,0
166,557881,557897,2025-01-13 21:56:02,12,process2,32.0,1.6709861228954943,2.429625431226595,0.1349744192227975,0.15000000000000002,-0.1508614548059054,1.2068916384472432,0,-0.005295794048941217,0.29560580798187,5,0.05963139900433578,0.47705119203468627,0
167,558601,558619,2025-01-13 22:20:02,12,process2,36.0,1.1159525067704488,0.9659379263840593,0.08131810271099756,0.05,-0.08091231740526589,0.6472985392421271,0,0.029908443853213514,0.7544718889892694,3,0.022326698895547448,0.17861359116437958,2
168,560521,560537,2025-01-13 23:24:02,12,process2,32.0,1.676334064002572,2.3127385288795463,0.12529757702324565,0.15000000000000002,-0.16394799982203173,1.3115839985762539,0,-0.003963972014637138,0.24847855297838084,6,0.0726538840085803,0.5812310720686424,0
169,569397,569425,2025-01-14 04:19:54,13,process2,56.0,0.9995993896427211,0.2316087454126968,0.06940016528689523,0.05,-0.03952165949485287,0.3676795062860472,1,0.021286876091349556,0.7448370186019293,2,-0.006116362256351537,0.07894565516477492,2
170,572581,572597,2025-01-14 06:06:02,13,process2,32.0,1.7594557735609335,3.7347688775630816,0.14188531841952948,0.15000000000000002,-0.1705084411999392,1.3640675295995135,0,-0.005698720236733419,0.36551103226932735,6,0.04532086227579868,0.36256689820638943,0
171,574021,574039,2025-01-14 06:54:02,13,process2,36.0,1.114781622938633,0.4330542262523833,0.084588700947589,0.05,-0.08085457932695306,0.6468366346156245,0,0.02169411897834323,0.6488872127191789,1,0.03308363914313256,0.2646691131450605,0
172,583681,583697,2025-01-14 12:16:02,13,process2,32.0,1.7345326156487095,2.1491062557733716,0.1440313134255732,0.15000000000000002,-0.15800821412990368,1.2640657130392294,0,-0.006748451245485201,0.3543851549353265,6,0.07817289085877815,0.6253831268702252,0
173,588241,588258,2025-01-14 14:48:02,13,process2,34.0,1.0816945157261033,0.24642022195749344,0.09030787907576988,0.05,-0.09086728802954486,0.7269383042363589,0,0.028576223717243728,0.6397752598430562,1,0.02137866786395487,0.17102934291163896,0
174,588661,588677,2025-01-14 15:02:02,13,process2,32.0,1.7107009451050916,2.1753032392840566,0.12620623132440392,0.2,-0.1636800155893285,1.309440124714628,0,-0.009356607207545005,0.3486214744193865,6,0.073642129850509,0.589137038804072,0
175,600480,600498,2025-01-14 21:36:00,13,process2,36.0,1.0926797425724946,0.3380509439641525,0.0524119615562033,0.05,-0.09378706507137674,0.7502965205710139,0,0.01672842261763916,0.541552728836213,3,0.035272726055346426,0.3268050272591214,1
176,601981,601997,2025-01-14 22:26:02,13,process1,32.0,1.8024533994287966,10.95442639961335,0.0969049137027608,0.25,-0.1407956052898009,1.167360416880145,1,-0.0007946299829140684,0.27218828279572627,5,0.06262055614840345,0.5009644491872276,0
177,602222,602242,2025-01-14 22:34:04,13,process2,40.0,1.0892799353986633,0.09449377982680784,0.09650520353174963,0.05,-0.08306886882489356,0.6645509505991485,0,0.04966593671740443,0.8939868609132797,2,0.00854763715739304,0.11618298200047539,2
178,604261,604277,2025-01-14 23:42:02,13,process1,32.0,1.7446911062808415,8.9865028661588,0.09703767815441372,0.2,-0.1504645269781949,1.2587980708837918,1,-0.0024637840519639515,0.30897383121693345,5,0.07396277435407689,0.5917021948326151,0
